,marca,master
0,Rober Pier,ROBERT IBAÑEZ
1,Aduriz,ADURIZ
2,Piqué,PIQUE
3,Albentosa,R. ALBENTOSA
4,Bigas,BIGAS
5,Arambarri,AKRAM AFIF
6,Aarón Martín,ADRIAN MARIN
7,Ramos,"RAMOS, S."
8,Asensio,MARCO ASENSIO
9,Pere Pons,PETROS
10,Filipe,FILIPENKO
11,Muriel,
12,Damián S.,DAMIAN SUAREZ
13,Prieto,X. PRIETO
14,R. García,RUBEN GARCIA
15,Savic,
16,Amath,MATHIEU
17,Bacca,
18,Lerma,
19,Rico,ISCO
20,Kayode,
21,Macedo,MICHEL MACEDO
22,Douglas Luiz,DOUGLAS S.
23,Thomas,THOMAS T.
24,Pereira,"PEREIRA, A."
25,Nacho Vidal,NACHO GIL
26,Cabral,CARCELA
27,Halilovic,"HALILOVIC, A."
28,Andone,SANSONE
29,Joaquín,JOAQUIN S.
30,Umtiti,UMTITI
31,Stuani,TURAN
32,Rodrigo Ely,RODRIGO M.
33,Roncaglia,RONCAGLIA
34,Januzaj,
35,Rolón,
36,Dmitrovic,IZET HAJROVIC
37,Bebé,BEBE
38,Rubén Peña,RUBEN PEÑA
39,Pau López,PAU LOPEZ
40,Torres,F. TORRES
41,Escalante,"ESCALANTE, G."
42,Adrián Diéguez,ADRIAN GLEZ.
43,Hernán Trujillo,
44,Campaña,CHAMPAGNE
45,Suárez,LEO SUAREZ
46,Maripán,MAINZ
47,Lenglet,LENGLET
48,Pareja,PAREJA
49,Jozabed,JOZABED
50,Mandi,CANI
51,Beñat,BEÑAT
52,Erik Morán,GERARD MORENO
53,Dos Santos,"DOS SANTOS,M."
54,Carlos Soler,CARLOS SOLER
55,Marcelo,MARCELO V.
56,Bojan,BOKA
57,Alcácer,"ALCACER, F."
58,Toño,TOÑO R.
59,Mercado,MERCADO
60,Jurado,"JURADO, JM."
61,Gabriel,GABRIEL AP.
62,Augusto,AUGUSTO F.
63,Laporte,LAPORTE
64,Tosca,ALIN TOSCA
65,S. Kjaer,
66,Charles,CHARLES D.
67,Barbosa,BARBOSA
68,Córdoba,
69,Jonny,JONY
70,J. Correa,F. TORRES
71,Siovas,SIOVAS
72,Baptistao,LEO BAPTISTAO
73,Enzo Zidane,
74,Ximo Navarro,MARC NAVARRO
75,Diego Rico,DIEGO RICO
76,Keko,KEKO
77,Calleri,CERCI
78,Postigo,TIAGO
79,K. Rodrigues,J. RODRIGUEZ
80,Cala,CALA
81,Mayoral,"MAYORAL, B."
82,Lucas,LUCAS V.
83,Manu García,MANU GARCIA
84,Mario Gaspar,MARIO GASPAR
85,Mascherano,MASCHERANO
86,Naldo,"RONALDO, C."
87,Jordi Amat,JORDAN
88,Samper,SERGI SAMPER
89,Pedraza,ERIZA
90,Vezo,
91,Neto,
92,Iturraspe,"ITURRASPE, A."
93,Wass,
94,Mosquera,"MOSQUERA, P."
95,Javi Fuego,JAVI FUEGO
96,Ángel Rodríguez,J. RODRIGUEZ
97,Iván Alejo,
98,Aarón,ADAN
99,Keylor,KEYLOR NAVAS
100,Darder,DIGARD
101,Eraso,ERASO
102,Aissa Mandi,AÏSSA MANDI
103,Mojica,MODRIC
104,Pantilimon,ATZILI
105,Ricca,FEDE RICCA
106,Aleix García,UNAI GARCIA
107,Adrián González,IAN GONZALEZ
108,Álex Granell,
109,Álvaro Jiménez,ALVARO FDEZ.
110,Mula,
111,Andoni Gorosabel,
112,Casilla,CASILLA
113,Soriano,"SORIANO, R."
114,Kepa,
115,Kike García,KIKE GARCIA
116,Zubeldia,"ZUBELDIA, I."
117,Iniesta,INIESTA
118,Recio,"RECIO, JL."
119,Francis,FRAN RICO
120,Vesga,VESGA
121,Illarramendi,ILLARAMENDI
122,Corchia,ROCHINA
123,Diop,DIOP
124,Portu,LAPORTE
125,Iraizoz,GORKA IRAIZOZ
126,Munir,MUNIR
127,Jaume Doménech,JAUME D.
128,Herrerín,IAGO HERRERIN
129,Szymanowski,SZMANOWSKI
130,Lekue,I. LEKUE
131,D. Simón,DAVID SIMON
132,Oblak,OBLAK
133,Mauro Arambarri,
134,Bakkali,BAKKALI
135,Inui,CIANI
136,L. Hernández,
137,Esteban Rolón,WESTERMANN
138,Willian José,WILLIAN JOSE
139,Sidnei,SIDNEI
140,Ceballos,"CEBALLOS, D."
141,Chory,
142,Lobotka,BOKA
143,Zurutuza,"ZURUTUZA, D."
144,Koke,COKE
145,Montoya,"MONTOYA, M."
146,Bono,BOYKO
147,Correa,"CORREA, CJ."
148,Gabi,GABI F.
149,Krohn-Dehli,KROHN-DEHLI
150,Guardado,
151,Sabin,BABIN
152,Paulinho,CULIO
153,Chema Rguez.,JUAN RGUEZ.
154,Borja G.,BORJA FF.
155,Rulli,RULLI
156,Balenziaga,BALENZIAGA
157,André Gomes,ANDRE GOMES
158,Pedro López,PEDRO LOPEZ
159,Sarabia,"SARABIA, P."
160,Kévin Rodrigues,KEVIN RGUEZ.
161,Viera,VIGUERA
162,J. Castellano,"CASTELLANO, D"
163,Williams,"WILLIAMS, I."
164,Stanislav Lobotka,
165,Benzema,BENZEMA
166,Marc Navarro,MARC NAVARRO
167,Kondogbia,
168,Djené,
169,M. Torres,F. TORRES
170,Omar Ramos,OMAR RAMOS
171,Rolan,AREOLA
172,Vrsaljko,VRSALJKO
173,De la Bella,DE LA BELLA
174,Jony,JONY
175,Varane,VARANE
176,Saúl,
177,Marc Muniesa,
178,Roberto Jiménez,ROBERTO J.
179,F. Navarro,RAFA NAVARRO
180,Deulofeu,
181,Aspas,IAGO ASPAS
182,Toni Lato,LATO
183,J. Alba,R. ALBENTOSA
184,Gameiro,GAMEIRO
185,F. Cartabia,EL ARABI
186,Ibai,IBAI
187,Cancelo,JOAO CANCELO
188,Marc Roca,MARC ROCA
189,Alexis,ALEXIS RUANO
190,Guido Pizarro,
191,Hernán Santana,
192,Sergio Sánchez,SERGIO ASENJO
193,Oyarzabal,OIARZABAL
194,Sanabria,"SANABRIA, A."
195,Gabriel Pires,GABRIEL AP.
196,Rosales,"ROSALES, R."
197,Theo,
198,R. Navas,RAUL NAVAS
199,Carrasco,"CARRASCO, Y."
200,Pacheco,"PACHECO, F."
201,Borja Herrera,IAGO HERRERIN
202,Camarasa,"CAMARASA, V."
203,Wakaso,WAKASO
204,José Ángel,JOSE ANGEL V.
205,Hernán,HERNAN D.
206,Guilherme,GUILHERME DS.
207,Tana,TANA
208,Capa,CALA
209,Javi López,JAVI LOPEZ R.
210,Sansone,SANSONE
211,Modric,MODRIC
212,Rodri,MODRIC
213,Samu García,MANU GARCIA
214,Djené Dakonam,
215,Elustondo,ELUSTONDO
216,A. Vidal,ALEIX VIDAL
217,Raúl Fdez.,PABLO FDEZ.
218,Chuca,
219,Carole,CARICOL
220,Fajr,
221,Juanjo Narváez,JUAN RGUEZ.
222,J. Murillo,RAILLO
223,V. Sánchez,RUBEN SANCHEZ
224,Morales,"MORALES, JL."
225,O. Dembélé,
226,Parejo,PAREJA
227,Loïc Remy,
228,Ch. Santos,M. SANTOS
229,Olarenwaju Kayode,
230,J. Navas,RAUL NAVAS
231,Borges,CELSO BORGES
232,V. Ruiz,SALVA RUIZ
233,Busquets,"BUSQUETS, S."
234,Llorente,"LLORENTE, M."
235,Mario Hermoso,OMAR RAMOS
236,Adán,ADAN
237,R. Pérez,
238,Pina,ESPINOZA
239,Trigueros,"TRIGUEROS, M."
240,Nacho,NACHO FI.
241,Fabio González,IAN GONZALEZ
242,Iñigo Córdoba,
243,Peñaranda,PEÑARANDA
244,Aday Benítez,
245,Emre Colak,EMRE ÇOLAK
246,Bakambu,BAKAMBU
247,Bale,BALE
248,Bernardo,BERNARDO E.
249,Denis,
250,S. Gómez,SEGI GOMEZ
251,Cuéllar,"CUELLAR, I."
252,Vela,VELA
253,Pione Sisto,PIONE SISTO
254,Ganso,GANSO
255,Alejandro Mula,
256,S. Roberto,SERGI ROBERTO
257,I. Martínez,I. MARTINEZ
258,Nahuel Leiva,NAHUEL
259,Jordán,JORDAN
260,Javi García,JAVI VARAS
261,I. López,IVAN LOPEZ
262,Vitolo,VITOLO M.
263,Castillejo,CASILLA
264,Enes Ünal,
265,Rubén,RUBEN S.
266,Diego Glez.,DIEGO GLEZ.
267,Igor Zubeldia,"ZUBELDIA, I."
268,Antunes,SERRANTES
269,Piatti,PIATTI
270,J. Molina,JORGE MOLINA
271,Bóveda,
272,Guillermo Maripán,
273,Aythami,AYTHAMI
274,Nano Mesa,NANO MESA
275,De Marcos,DE MARCOS
276,Brasanac,BRASANAC
277,Adrián López,ADRIAN GLEZ.
278,Carvajal,"CARVAJAL, D."
279,Álvaro,ALVARO G.
280,Duarte,RUBEN DUARTE
281,E. Muñoz,LUIS MUÑOZ
282,Ramalho,RAILLO
283,San José,SAN JOSE D.
284,Amrabat,AMRABAT
285,Guerrero,"GUERRERO, MA."
286,Medrán,MEDRAN
287,Óscar Romero,OSCAR ROMERO
288,Molinero,MOLINERO
289,Rivera,RIVIERE
290,Gayá,GAYA
291,Ramis,RAMI
292,F. Schär,
293,Garay,VIGARAY
294,Chichizola,
295,Luisinho,LUISINHO C.
296,Jason,JACKSON
297,Arribas,"ARRIBAS, A."
298,Zaldúa,ZALDUA B.
299,Beauvue,BEAUVUE
300,Simon Kjaer,SIMONE VERDI
301,Bergara,BARJA
302,Nolito,"NOLITO, M."
303,Isco,ISCO
304,Fontás,
305,Fornals,PABLO FORNALS
306,Lionel Carole,"LOE, RAOUL"
307,Semedo,MELENDO
308,Lemos,PAOLO LEMOS
309,Juncà,
310,Cheryshev,"CHERISHEV, D."
311,Bonera,"BONERA, D."
312,Kuzmanovic,KUZMANOVIC
313,Cifu,
314,Durmisi,DURMISI
315,Odriozola,"ODRIOZOLA, A."
316,Messi,MESSI
317,Barragán,BARTRA
318,Enrich,
319,Brais Méndez,
320,Bastón,
321,Ter Stegen,TER STEGEN
322,Saborit,SABORIT
323,J. Costa,JAUME COSTA
324,Rodrigo,RODRIGO M.
325,Sergio,SERGIO AC.
326,Maxi Gómez,MOISES GOMEZ
327,Ivi,
328,Rakitic,RAKITIC
329,Álex Alegría,ALEX ALEGRIA
330,Zaza,ZAZA
331,W. Montoya,"MONTOYA, M."
332,Álvaro Odriozola,"ODRIOZOLA, A."
333,N'Diaye,"N'DIAYE, A."
334,Radoja,RADIJA
335,Tyton,TYTON
336,Vázquez,"VAZQUEZ, FD."
337,Pizarro,
338,Maffeo,
339,Banega,BANEGA
340,Baysse,
341,P. Hernández,
342,Godín,GODIN
343,Digne,DIGNE
344,Clément Lenglet,LENGLET
345,Juan Carlos,JUAN CARLOS M
346,Arbilla,ARBILLA
347,Juanpi,JUANPI
348,Giménez,"GIMENEZ, JM."
349,Emre Mor,EMRE ÇOLAK
350,Lizoain,RAUL LIZOAIN
351,Sobrino,RUBEN SOBRINO
352,Juanfran,JUANFRAN
353,Gaku Shibasaki,
354,Momo,MOMO
355,Soria,SABORIT
356,L. Vázquez,
357,Escudero,"ESCUDERO, S."
358,Tannane,TANA
359,X. Prieto,X. PRIETO
360,Alcalá,
361,Aquilani,CIANI
362,Achraf,MASCHERANO
363,David López,DAVID LOPEZ S
364,Juanpe,JUANPI
365,Vallejo,VALERON
366,Casemiro,CASEMIRO
367,Adrián,ADRIAN
368,Juanmi,JUANPI
369,Enis Bardhi,DENIS SUAREZ
370,P. OLIVEIRA,J. VIERA
371,Luna,"LUNA, A."
372,Andrés,WANDERSON
373,Mina,MADINDA
374,Rukavina,RUKAVINA
375,Lombán,LOMBAN
376,Unai Núñez,UNAI LOPEZ
377,Unai Bustinza,BUSTINZA
378,Valverde,VALERON
379,Doukoure,DOUCOURE
380,Gálvez,"GALVEZ, A."
381,Vigaray,VIGARAY
382,G. Moreno,GERARD MORENO
383,Burgui,BURGUI
384,Gaitán,GUAITA
385,Vietto,
386,Guaita,GUAITA
387,Mikel Vesga,MIKEL G.
388,H. Mallo,HUGO MALLO
389,Muniain,MUNIAIN
390,Portillo,"PORTILLO, F."
391,Francis Uzoho,
392,Sergio León,SERGIO LEON
393,J. Campbell,
394,Naranjo,VARANE
395,Michael Olunga,
396,N'Zonzi,N'ZONZI
397,Griezmann,GRIEZMANN
398,Feddal,
399,Canales,"CANALES, S."
400,Mantovani,MANTOVANI
401,D. García,DANI GARCIA
402,Roberto,ROBER
403,D. Castellano,"CASTELLANO, D"
404,Carriço,CARRIÇO
405,El Zhar,EL ZHAR
406,C. Ronaldo,"RONALDO, C."
407,Vicente,VICENTE G.U.
408,Ben Yedder,BEN YEDDER
409,Kroos,KROOS
410,G. Guedes,
411,Bruno Gama,BRUNO GAMA
412,Susaeta,"SUSAETA, M."
413,Fabián Ruiz,FABIAN RUIZ
414,Borja Lasso,BORJA VALLE
415,Federico Valverde,DIEGO ALENDE
416,Tello,
417,Pablo Maffeo,PABLO FDEZ.
